<?xml version='1.0'?>
<home version='7400' exportFlags='17' name='house model.sh3d' camera='topCamera' selectedLevel='level-3787c2fe-2d83-4bee-9a68-8065e90090ee' wallHeight='243.84'>
  <environment groundColor='00A8A8A8' backgroundImageVisibleOnGround3D='true' skyColor='00CCE4FC' lightColor='00B9B9B9' allLevelsVisible='true'/>
  <observerCamera attribute='observerCamera' lens='PINHOLE' x='781.5192' y='3123.3699' z='243.84' yaw='2.5727854' pitch='0.29579636' fieldOfView='1.0995575' time='1733832000000' fixedSize='true'/>
  <camera attribute='topCamera' lens='PINHOLE' x='2505.5928' y='2228.7087' z='1396.3613' yaw='70.79085' pitch='0.47499973' fieldOfView='1.0995575' time='1733832000000'/>
  <level id='level-0f47d14f-ad60-41ad-bf44-80d18e2931d4' name='Level 0' elevation='0.0' floorThickness='12.0' height='243.84' elevationIndex='0'/>
  <level id='level-c6e684cc-ddda-4254-8a21-9fa627f5c194' name='3&apos; up' elevation='91.44' floorThickness='12.0' height='304.8' elevationIndex='0'/>
  <level id='level-3787c2fe-2d83-4bee-9a68-8065e90090ee' name='Level 2' elevation='91.44' floorThickness='12.0' height='304.8' elevationIndex='1'/>
  <pieceOfFurniture level='level-c6e684cc-ddda-4254-8a21-9fa627f5c194' catalogId='Pastierovic#cabinetWithBasin' name='Gray cabinet with basin' creator='Robert Pastierovic' model='1' x='590.96313' y='2410.1274' angle='1.5707964' width='60.96' depth='47.3075' height='75.565' modelSize='21378'/>
  <pieceOfFurniture level='level-c6e684cc-ddda-4254-8a21-9fa627f5c194' catalogId='OlaKristianHoff#bathtub_jet_system' name='Bathtub jet system' creator='Ola-Kristian Hoff' model='3/bathtub_jet_system.obj' x='589.19495' y='2548.3574' angle='1.5707964' width='160.02' depth='69.85' height='58.1025' modelSize='188672'/>
  <pieceOfFurniture level='level-c6e684cc-ddda-4254-8a21-9fa627f5c194' catalogId='Blend Swap CC-0#toiletsUnit' name='Toilet unit' creator='Nhumrod' model='5/toiletsUnit.obj' x='589.51245' y='2665.4087' angle='1.5707964' width='35.2425' depth='69.215' height='77.1525' modelSize='451531' movable='false'/>
  <pieceOfFurniture level='level-c6e684cc-ddda-4254-8a21-9fa627f5c194' catalogId='Pastierovic#cabinetWithBasin' name='Gray cabinet with basin' creator='Robert Pastierovic' model='1' x='584.96313' y='2755.234' angle='1.5707964' width='60.96' depth='47.3075' height='75.565' modelSize='21378'/>
  <doorOrWindow level='level-c6e684cc-ddda-4254-8a21-9fa627f5c194' catalogId='PeterSmolik#door1' name='Door' creator='Peter Smolik' model='7/door1.obj' x='607.0615' y='1914.303' angle='3.1415925' width='72.92938' depth='6.9911' depthInPlan='6.9910984' height='213.67749' heightInPlan='213.6775' modelRotation='-1 0 0 0 1 0 0 0 -1' modelSize='1857741' movable='false' cutOutShape='M0,0 v1 h1 v-1 z' wallCutOutOnBothSides='true'/>
  <pieceOfFurniture level='level-c6e684cc-ddda-4254-8a21-9fa627f5c194' catalogId='OlaKristianHoff#bathtub_jet_system' name='Bathtub jet system' creator='Ola-Kristian Hoff' model='3/bathtub_jet_system.obj' x='620.6369' y='1474.0615' elevation='12.066162' angle='1.5707964' width='151.79309' depth='66.25888' height='55.115345' heightInPlan='55.115337' modelSize='188672'/>
  <pieceOfFurniture level='level-c6e684cc-ddda-4254-8a21-9fa627f5c194' catalogId='Blend Swap CC-0#toiletsUnit' name='Toilet unit' creator='Nhumrod' model='5/toiletsUnit.obj' x='515.451' y='1440.3931' width='35.2425' widthInPlan='35.242504' depth='69.215' depthInPlan='69.21499' height='77.1525' modelSize='451531' movable='false'/>
  <pieceOfFurniture level='level-c6e684cc-ddda-4254-8a21-9fa627f5c194' catalogId='Scopia#bathroom_vanity' name='Vanity' creator='Scopia' model='9/bathroom_vanity.obj' x='394.5854' y='1418.6925' width='128.0226' widthInPlan='128.02261' depth='38.29736' depthInPlan='38.297367' height='178.90338' modelSize='906154' movable='false'/>
  <doorOrWindow level='level-c6e684cc-ddda-4254-8a21-9fa627f5c194' catalogId='Pencilart#patioDoor' name='Patio door' creator='Pencilart' model='11/patioDoor.obj' x='786.0709' y='1384.5701' elevation='76.2' width='99.377495' depth='18.414999' height='228.59999' modelRotation='-1 0 0 0 1 0 0 0 -1' modelSize='132207' movable='false' cutOutShape='M0,0 v1 h1 v-1 z' wallCutOutOnBothSides='true'/>
  <shelfUnit level='level-c6e684cc-ddda-4254-8a21-9fa627f5c194' catalogId='OlaKristianHoff#shelves_storage_wood' name='Wood shelves' creator='Ola-Kristian Hoff' model='13/shelves_storage_wood.obj' x='730.0126' y='1890.8663' width='106.68' depth='60.96' depthInPlan='60.959995' height='171.13249' modelSize='29035'/>
  <pieceOfFurniture level='level-c6e684cc-ddda-4254-8a21-9fa627f5c194' catalogId='Reallusion#female03' name='Female' creator='Reallusion' model='15/female03.obj' x='772.449' y='2375.5352' width='52.07' depth='49.212498' height='162.56' modelSize='1264532'/>
  <pieceOfFurniture level='level-c6e684cc-ddda-4254-8a21-9fa627f5c194' catalogId='Reallusion#male02' name='Male' creator='Reallusion' model='17/male02.obj' x='816.3656' y='2654.9312' angle='5.7574825' width='80.645' depth='42.8625' height='182.5625' modelSize='1003986'/>
  <pieceOfFurniture level='level-c6e684cc-ddda-4254-8a21-9fa627f5c194' catalogId='OlaKristianHoff#washer_dryer' name='Washer dryer' creator='Ola-Kristian Hoff' model='19/washer_dryer.obj' x='728.9166' y='1769.8395' elevation='11.43' angle='4.712389' width='88.9' depth='96.52' depthInPlan='96.51999' height='180.34' modelSize='81910'/>
  <doorOrWindow level='level-c6e684cc-ddda-4254-8a21-9fa627f5c194' catalogId='Mchnz#craftsmanDoorClosed' name='Craftsman door' creator='Mchnz' model='21/craftsmanDoorClosed.obj' x='790.1323' y='1763.1621' angle='4.712389' width='100.965' depth='12.284715' height='209.55' modelMirrored='true' modelSize='122462' movable='false' cutOutShape='M0.078,0.037 v0.963 h0.846 v-0.964 z' wallCutOutOnBothSides='true'/>
  <pieceOfFurniture level='level-c6e684cc-ddda-4254-8a21-9fa627f5c194' catalogId='OlaKristianHoff#bathroom_sink' name='Washbasin with cabinet' creator='Ola-Kristian Hoff' model='23/bathroom_sink.obj' x='696.589' y='1568.7311' elevation='20.0025' angle='4.712389' width='97.79' depth='44.1325' height='62.5475' modelSize='49218'>
    <material name='sink' color='FFDEDEDE'/>
  </pieceOfFurniture>
  <pieceOfFurniture level='level-c6e684cc-ddda-4254-8a21-9fa627f5c194' catalogId='Blend Swap CC-0#largeFridge' name='Large fridge' creator='Vladoffsky' model='25/largeFridge.obj' x='879.03076' y='2277.9414' angle='1.5707964' width='92.3925' depth='80.645' height='184.15' modelSize='156890'/>
  <pieceOfFurniture level='level-c6e684cc-ddda-4254-8a21-9fa627f5c194' catalogId='Omari#piano_cottura' name='Cooker' creator='Ben Omari' model='27/piano_cottura_Scene.obj' x='894.3147' y='2419.7573' angle='1.5707964' width='60.0075' depth='61.594997' height='99.06' modelSize='18685'/>
  <pieceOfFurniture level='level-c6e684cc-ddda-4254-8a21-9fa627f5c194' catalogId='Pastierovic#cabinetWithBasin' name='Gray cabinet with basin' creator='Robert Pastierovic' model='1' x='894.156' y='2541.6436' angle='1.5707964' width='80.01' depth='61.9125' height='99.06' modelSize='21378'/>
  <pieceOfFurniture level='level-c6e684cc-ddda-4254-8a21-9fa627f5c194' catalogId='Kator Legaz#screen-door' name='Screen door' creator='Kator Legaz' model='29/screen-door.obj' x='946.3253' y='1788.426' elevation='76.2' angle='1.5707964' width='814.07' depth='10.16' height='228.59999' heightInPlan='228.60002' modelSize='13454' movable='false'/>
  <pieceOfFurniture level='level-c6e684cc-ddda-4254-8a21-9fa627f5c194' catalogId='Kator Legaz#screen-door' name='Screen door' creator='Kator Legaz' model='29/screen-door.obj' x='894.15936' y='1385.5376' elevation='76.2' width='110.27417' widthInPlan='110.274155' depth='10.795044' height='228.59999' heightInPlan='228.6' modelSize='13454' movable='false'/>
  <pieceOfFurniture level='level-c6e684cc-ddda-4254-8a21-9fa627f5c194' catalogId='Kator Legaz#screen-door' name='Screen door' creator='Kator Legaz' model='29/screen-door.obj' x='706.3845' y='1387.4814' elevation='76.2' width='60.004456' depth='7.5908203' height='228.59999' modelSize='13454' movable='false'/>
  <furnitureGroup level='level-3787c2fe-2d83-4bee-9a68-8065e90090ee' name='Group -2-' x='364.55298' y='2047.4855' angle='3.1415927' width='357.6848' depth='64.0647' height='126.0475'>
    <pieceOfFurniture level='level-3787c2fe-2d83-4bee-9a68-8065e90090ee' catalogId='Pastierovic#cabinetWithBasin' name='Gray cabinet with basin' creator='Robert Pastierovic' model='1' x='256.90225' y='2048.5103' angle='3.1415927' width='63.5' widthInPlan='63.50001' depth='54.61' depthInPlan='54.609997' height='99.06' modelSize='21378'/>
    <pieceOfFurniture level='level-3787c2fe-2d83-4bee-9a68-8065e90090ee' catalogId='Omari#piano_cottura' name='Cooker' creator='Ben Omari' model='27/piano_cottura_Scene.obj' x='414.87552' y='2048.7202' angle='3.1415927' width='84.68836' depth='61.595207' height='96.52' heightInPlan='96.51999' modelSize='18685'/>
    <pieceOfFurniture level='level-3787c2fe-2d83-4bee-9a68-8065e90090ee' catalogId='LucaPresidente#doppio' name='Lower cabinet' creator='LucaPresidente' model='31/doppio.obj' x='470.5546' y='2047.8038' angle='3.1415927' width='26.67' depth='60.96' height='78.104996' modelSize='517832'/>
    <pieceOfFurniture level='level-3787c2fe-2d83-4bee-9a68-8065e90090ee' catalogId='LucaPresidente#doppio' name='Lower cabinet' creator='LucaPresidente' model='31/doppio.obj' x='206.66559' y='2048.439' angle='3.1415927' width='41.91' depth='59.69' height='78.104996' modelSize='517832'/>
    <pieceOfFurniture level='level-3787c2fe-2d83-4bee-9a68-8065e90090ee' catalogId='Kator Legaz#fridge' name='Fridge' creator='Kator Legaz' model='33/fridge.obj' x='513.3916' y='2044.9806' angle='3.1415927' width='60.0075' depth='59.055' height='126.0475' modelSize='28374'/>
    <pieceOfFurniture level='level-3787c2fe-2d83-4bee-9a68-8065e90090ee' catalogId='LucaPresidente#doppio' name='Lower cabinet' creator='LucaPresidente' model='31/doppio.obj' x='331.20285' y='2049.6729' angle='3.1415927' width='80.16532' depth='59.689934' height='78.104996' modelSize='517832'/>
  </furnitureGroup>
  <pieceOfFurniture level='level-0f47d14f-ad60-41ad-bf44-80d18e2931d4' catalogId='Artist373#roundedEdgesRailing' name='Rounded edges railing' creator='Pencilart' model='35' x='805.07495' y='3738.3599' elevation='91.44' width='266.5805' depth='0.3175' height='92.3925' modelSize='18945' movable='false'/>
  <pieceOfFurniture level='level-0f47d14f-ad60-41ad-bf44-80d18e2931d4' catalogId='Artist373#roundedEdgesRailing' name='Rounded edges railing' creator='Pencilart' model='35' x='940.51373' y='3653.2341' elevation='91.44' angle='1.5707964' width='181.96973' depth='7.2444987' height='92.3925' modelSize='18945' movable='false'/>
  <pieceOfFurniture level='level-0f47d14f-ad60-41ad-bf44-80d18e2931d4' catalogId='Artist373#roundedEdgesRailing' name='Rounded edges railing' creator='Pencilart' model='35' x='473.47546' y='3659.4038' elevation='91.44' angle='1.5707964' width='194.31' widthInPlan='194.31001' depth='8.889999' depthInPlan='8.89' height='61.9125' modelSize='18945' movable='false'/>
  <pieceOfFurniture level='level-0f47d14f-ad60-41ad-bf44-80d18e2931d4' catalogId='DaniFeri#outdoor_staircase' name='Outdoor staircase' creator='DaniFeri' model='37/outdoor_staircase.obj' x='129.35986' y='1637.6505' angle='3.1415927' width='76.2' depth='96.52' height='152.4' modelMirrored='true' modelSize='553601' movable='false' staircaseCutOutShape='M0,0 v1 h1 v-1 z'/>
  <pieceOfFurniture level='level-0f47d14f-ad60-41ad-bf44-80d18e2931d4' catalogId='Pencilart#privacyFence2' name='Fence' creator='Pencilart' model='39/privacyFence2.obj' x='83.32745' y='1826.7329' angle='1.5707964' width='3492.5' widthInPlan='3492.4998' depth='7.62' height='182.88' heightInPlan='182.88002' modelSize='28566' movable='false'>
    <texture name='Old wood' creator='Emmanuel Puybaret' catalogId='Puybaret#oldWood' width='40.0' height='80.0' angle='1.5707964' image='40'/>
  </pieceOfFurniture>
  <pieceOfFurniture level='level-0f47d14f-ad60-41ad-bf44-80d18e2931d4' catalogId='Scopia#jacuzzi' name='Jacuzzi' creator='Scopia' model='42/jacuzzi.obj' x='550.12476' y='1086.531' width='227.965' depth='227.965' height='94.932495' modelSize='385128' movable='false'/>
  <pieceOfFurniture level='level-0f47d14f-ad60-41ad-bf44-80d18e2931d4' catalogId='DaniFeri#outdoor_staircase' name='Outdoor staircase' creator='DaniFeri' model='37/outdoor_staircase.obj' x='130.17361' y='1835.9735' width='76.2' depth='96.52' height='152.4' modelSize='553601' movable='false' staircaseCutOutShape='M0,0 v1 h1 v-1 z'/>
  <pieceOfFurniture level='level-0f47d14f-ad60-41ad-bf44-80d18e2931d4' catalogId='RogerLonqueux#portillon' name='Gate' creator='Roger Lonqueux' model='44' x='126.853516' y='1413.8336' elevation='9.8425' width='83.82' depth='5.08' height='182.88' modelSize='9457'/>
  <pieceOfFurniture level='level-0f47d14f-ad60-41ad-bf44-80d18e2931d4' catalogId='Pencilart#privacyFence2' name='Fence' creator='Pencilart' model='39/privacyFence2.obj' x='1064.0327' y='1830.0732' angle='1.5707964' width='3492.5' widthInPlan='3492.4998' depth='7.62' height='182.88' heightInPlan='182.88002' modelSize='28566' movable='false'>
    <texture name='Old wood' creator='Emmanuel Puybaret' catalogId='Puybaret#oldWood' width='40.0' height='80.0' angle='1.5707964' image='40'/>
  </pieceOfFurniture>
  <pieceOfFurniture level='level-0f47d14f-ad60-41ad-bf44-80d18e2931d4' catalogId='Pencilart#privacyFence2' name='Fence' creator='Pencilart' model='39/privacyFence2.obj' x='577.4066' y='82.75811' angle='3.1415927' width='975.36005' depth='2.1280582' height='182.88' modelSize='28566' movable='false'>
    <texture name='Dark wood' creator='Emmanuel Puybaret' width='100.0' height='50.0' image='45'/>
  </pieceOfFurniture>
  <pieceOfFurniture level='level-0f47d14f-ad60-41ad-bf44-80d18e2931d4' catalogId='OlaKristianHoff#tree' name='Tree' creator='Ola-Kristian Hoff' model='47/tree.obj' x='984.8148' y='557.0376' width='350.52' widthInPlan='350.52005' depth='292.1' depthInPlan='292.10004' height='800.1' heightInPlan='800.10004' modelSize='166143' movable='false'>
    <texture name='Box tree' creator='eTeks' catalogId='eTeks#boxTree' width='20.0' height='20.0' image='48'/>
  </pieceOfFurniture>
  <pieceOfFurniture level='level-0f47d14f-ad60-41ad-bf44-80d18e2931d4' catalogId='OlaKristianHoff#tree' name='Tree' creator='Ola-Kristian Hoff' model='47/tree.obj' x='173.06665' y='525.82434' width='350.52' widthInPlan='350.52005' depth='292.1' depthInPlan='292.10004' height='800.1' heightInPlan='800.10004' modelSize='166143' movable='false'>
    <texture name='Box tree' creator='eTeks' catalogId='eTeks#boxTree' width='20.0' height='20.0' image='48'/>
  </pieceOfFurniture>
  <doorOrWindow level='level-c6e684cc-ddda-4254-8a21-9fa627f5c194' catalogId='Scopia#double_plain_door_with_little_part' name='Double door with small part' creator='Scopia' model='50/double_plain_door_with_little_part.obj' x='462.05472' y='2535.7139' angle='1.5707964' width='107.95' depth='17.780748' height='209.8675' modelSize='130331' movable='false' cutOutShape='M0,0 v1 h1 v-1 z' wallCutOutOnBothSides='true'/>
  <pieceOfFurniture level='level-0f47d14f-ad60-41ad-bf44-80d18e2931d4' catalogId='Scopia#external-unity-air-conditioning' name='Air conditioning - External unit' creator='Scopia' model='52/external-unity-air-conditioning.obj' x='227.48924' y='1327.1208' width='81.28' depth='73.659996' height='152.4' modelSize='200253' movable='false'/>
  <pieceOfFurniture level='level-0f47d14f-ad60-41ad-bf44-80d18e2931d4' catalogId='eTeks#texturableBox' name='Box' creator='eTeks' model='54/texturableBox.obj' x='140.0422' y='1291.5142' width='91.44' depth='91.44' height='91.44' modelSize='1661'/>
  <pieceOfFurniture level='level-0f47d14f-ad60-41ad-bf44-80d18e2931d4' catalogId='DaniFeri#outdoor_staircase' name='Outdoor staircase' creator='DaniFeri' model='37/outdoor_staircase.obj' x='784.1786' y='1341.8639' angle='3.1415927' width='95.25001' depth='80.78234' height='304.8' modelSize='553601' movable='false' staircaseCutOutShape='M0,0 v1 h1 v-1 z'/>
  <pieceOfFurniture level='level-0f47d14f-ad60-41ad-bf44-80d18e2931d4' catalogId='Pencilart#grillNgauge' name='Grill' creator='Pencilart' model='56/grillNgauge.obj' x='981.11694' y='1157.9136' angle='1.5707964' width='92.0' depth='49.5' height='89.0' modelSize='853865'/>
  <pieceOfFurniture level='level-0f47d14f-ad60-41ad-bf44-80d18e2931d4' catalogId='Scopia#rattanArmchair' name='Rattan armchair' creator='Scopia' model='58/rattanArmchair.obj' x='532.37537' y='632.3989' angle='5.7309713' width='71.0' depth='72.4' height='78.7' modelSize='91347'/>
  <pieceOfFurniture level='level-0f47d14f-ad60-41ad-bf44-80d18e2931d4' catalogId='Scopia#rattanArmchair' name='Rattan armchair' creator='Scopia' model='58/rattanArmchair.obj' x='706.5316' y='626.3848' angle='0.34719324' width='71.0' depth='72.4' height='78.7' modelSize='91347'/>
  <light level='level-0f47d14f-ad60-41ad-bf44-80d18e2931d4' catalogId='Scopia#complements2' name='Candle' creator='Scopia' model='60/complements2.obj' x='608.83655' y='736.13165' width='74.70215' depth='74.70215' height='86.194786' heightInPlan='86.19477' modelSize='359977'/>
  <pieceOfFurniture level='level-0f47d14f-ad60-41ad-bf44-80d18e2931d4' catalogId='Scopia#wood_logs' name='Wood logs' creator='Scopia' model='62/wood_logs.obj' x='442.7277' y='697.53186' angle='2.6091936' width='40.3' depth='69.9' height='31.8' modelSize='200098'/>
  <pieceOfFurniture level='level-0f47d14f-ad60-41ad-bf44-80d18e2931d4' catalogId='Hawkdawg#picnic_table' name='Picnic table' creator='Hawkdawg' model='64/picnic_table.obj' x='970.9189' y='886.60785' angle='1.5707964' width='180.2' depth='145.3' height='75.0' modelSize='46013'/>
  <pieceOfFurniture level='level-0f47d14f-ad60-41ad-bf44-80d18e2931d4' catalogId='Scopia#hammock' name='Hammock' creator='Scopia' model='66/hammock.obj' x='561.62897' y='304.58978' width='350.5' depth='164.3' height='158.5' modelSize='690795'/>
  <pieceOfFurniture level='level-c6e684cc-ddda-4254-8a21-9fa627f5c194' catalogId='Kator Legaz#red-wine-bottle-01' name='Wine bottle' creator='Kator Legaz' model='68/red-wine-bottle-01.obj' x='832.82776' y='2724.8037' elevation='81.915' width='8.5' depth='8.5' depthInPlan='8.500002' height='30.0' modelSize='197069'/>
  <doorOrWindow level='level-c6e684cc-ddda-4254-8a21-9fa627f5c194' catalogId='eTeks#frenchWindow85x200' name='French window' creator='eTeks' model='70' x='477.3266' y='3287.3584' elevation='91.44' angle='1.5707964' width='91.44' depth='34.29' height='91.44' modelSize='9824' movable='false' cutOutShape='M0,0 v1 h1 v-1 z' wallCutOutOnBothSides='true'/>
  <doorOrWindow level='level-c6e684cc-ddda-4254-8a21-9fa627f5c194' catalogId='eTeks#frenchWindow85x200' name='French window' creator='eTeks' model='70' x='935.7736' y='2545.4927' elevation='91.44' angle='1.5707964' width='91.44' depth='34.29' height='121.92' modelSize='9824' movable='false' cutOutShape='M0,0 v1 h1 v-1 z' wallCutOutOnBothSides='true'/>
  <doorOrWindow level='level-c6e684cc-ddda-4254-8a21-9fa627f5c194' catalogId='eTeks#frenchWindow85x200' name='French window' creator='eTeks' model='70' x='814.2205' y='2207.091' elevation='91.44' angle='3.1415927' width='91.44' depth='34.29' height='91.44' modelSize='9824' movable='false' cutOutShape='M0,0 v1 h1 v-1 z' wallCutOutOnBothSides='true'/>
  <doorOrWindow level='level-c6e684cc-ddda-4254-8a21-9fa627f5c194' catalogId='eTeks#frenchWindow85x200' name='French window' creator='eTeks' model='70' x='513.86804' y='1386.7269' elevation='91.44' angle='3.1415927' width='91.44' depth='34.29' height='152.4' modelSize='9824' movable='false' cutOutShape='M0,0 v1 h1 v-1 z' wallCutOutOnBothSides='true'/>
  <doorOrWindow level='level-c6e684cc-ddda-4254-8a21-9fa627f5c194' catalogId='eTeks#frenchWindow85x200' name='French window' creator='eTeks' model='70' x='178.94354' y='2322.592' elevation='91.44' angle='4.712389' width='91.44' depth='34.29' height='91.44' modelSize='9824' movable='false' cutOutShape='M0,0 v1 h1 v-1 z' wallCutOutOnBothSides='true'/>
  <doorOrWindow level='level-c6e684cc-ddda-4254-8a21-9fa627f5c194' catalogId='OlaKristianHoff#window_shop' name='Shop window' creator='Ola-Kristian Hoff' model='72/window_shop.obj' x='665.9329' y='1474.2667' elevation='243.84' angle='4.712389' width='134.63818' depth='14.1361065' height='30.48' modelSize='3355' movable='false' cutOutShape='M0,0 v1 h1 v-1 z' wallCutOutOnBothSides='true'/>
  <pieceOfFurniture level='level-c6e684cc-ddda-4254-8a21-9fa627f5c194' catalogId='OlaKristianHoff#stair_ladder_loft' name='Staircase ladder' creator='Ola-Kristian Hoff' model='74/stair_ladder_loft.obj' x='555.8754' y='2297.5127' angle='4.712389' width='47.304935' depth='92.97867' height='243.84' modelSize='19904' movable='false' staircaseCutOutShape='M0,0 v1 h1 v-1 z'/>
  <doorOrWindow level='level-c6e684cc-ddda-4254-8a21-9fa627f5c194' catalogId='eTeks#frenchWindow85x200' name='French window' creator='eTeks' model='70' x='786.86566' y='3550.209' elevation='60.96' angle='3.1415927' width='91.44' depth='34.29' height='152.4' modelSize='9824' movable='false' cutOutShape='M0,0 v1 h1 v-1 z' wallCutOutOnBothSides='true'/>
  <pieceOfFurniture level='level-c6e684cc-ddda-4254-8a21-9fa627f5c194' catalogId='Kator Legaz#porch-column-01' name='Porch column' creator='Kator Legaz' model='76/porch-column-01.obj' x='481.1352' y='3746.1895' width='33.2' depth='33.2' height='304.8' modelSize='22387' movable='false'/>
  <pieceOfFurniture level='level-c6e684cc-ddda-4254-8a21-9fa627f5c194' catalogId='Kator Legaz#porch-column-01' name='Porch column' creator='Kator Legaz' model='76/porch-column-01.obj' x='668.96497' y='3745.622' width='33.2' depth='33.2' height='304.8' modelSize='22387' movable='false'/>
  <pieceOfFurniture level='level-c6e684cc-ddda-4254-8a21-9fa627f5c194' catalogId='Kator Legaz#porch-column-01' name='Porch column' creator='Kator Legaz' model='76/porch-column-01.obj' x='929.50415' y='3743.7212' width='33.2' depth='33.2' height='304.8' modelSize='22387' movable='false'/>
  <pieceOfFurniture level='level-0f47d14f-ad60-41ad-bf44-80d18e2931d4' catalogId='DaniFeri#outdoor_staircase' name='Outdoor staircase' creator='DaniFeri' model='37/outdoor_staircase.obj' x='576.66284' y='3807.6533' width='191.34753' depth='134.7373' height='152.4' color='FFA7A7A7' modelSize='553601' movable='false' staircaseCutOutShape='M0,0 v1 h1 v-1 z'/>
  <pieceOfFurniture level='level-0f47d14f-ad60-41ad-bf44-80d18e2931d4' catalogId='Kator Legaz#concrete-sidewalk' name='Concrete sidewalk' creator='Kator Legaz' model='78/concrete-sidewalk.obj' x='578.1982' y='3925.7747' width='177.96445' widthInPlan='177.9645' depth='101.13599' depthInPlan='101.136' height='16.1' heightInPlan='16.100002' modelSize='16372'/>
  <pieceOfFurniture level='level-0f47d14f-ad60-41ad-bf44-80d18e2931d4' catalogId='Kator Legaz#concrete-sidewalk' name='Concrete sidewalk' creator='Kator Legaz' model='78/concrete-sidewalk.obj' x='256.524' y='3465.0652' angle='1.5707964' width='1022.87256' widthInPlan='1022.87225' depth='39.433884' depthInPlan='39.433895' height='16.1' modelSize='16372'/>
  <pieceOfFurniture level='level-0f47d14f-ad60-41ad-bf44-80d18e2931d4' catalogId='Kator Legaz#concrete-sidewalk' name='Concrete sidewalk' creator='Kator Legaz' model='78/concrete-sidewalk.obj' x='392.524' y='3465.3206' angle='1.5707964' width='1022.87256' widthInPlan='1022.87225' depth='39.433884' depthInPlan='39.433895' height='16.1' modelSize='16372'/>
  <doorOrWindow level='level-c6e684cc-ddda-4254-8a21-9fa627f5c194' catalogId='eTeks#window85x123' name='Small window' creator='eTeks' model='80' x='577.7162' y='3557.9258' elevation='213.35999' width='91.44' depth='34.29' height='30.48' modelSize='9333' movable='false' cutOutShape='M0,0 v1 h1 v-1 z' wallCutOutOnBothSides='true'/>
  <doorOrWindow level='level-c6e684cc-ddda-4254-8a21-9fa627f5c194' catalogId='eTeks#frenchWindow85x200' name='French window' creator='eTeks' model='70' x='317.3809' y='2939.2197' elevation='60.96' angle='3.1415927' width='91.44' depth='34.29' height='152.4' modelSize='9824' movable='false' cutOutShape='M0,0 v1 h1 v-1 z' wallCutOutOnBothSides='true'/>
  <doorOrWindow level='level-c6e684cc-ddda-4254-8a21-9fa627f5c194' catalogId='eTeks#frenchWindow85x200' name='French window' creator='eTeks' model='70' x='944.5492' y='2799.0889' elevation='60.96' angle='4.712389' width='91.44' depth='34.29' height='152.4' modelSize='9824' movable='false' cutOutShape='M0,0 v1 h1 v-1 z' wallCutOutOnBothSides='true'/>
  <doorOrWindow level='level-c6e684cc-ddda-4254-8a21-9fa627f5c194' catalogId='eTeks#frenchWindow85x200' name='French window' creator='eTeks' model='70' x='943.43335' y='3290.4932' elevation='60.96' angle='4.712389' width='91.44' depth='34.29' height='152.4' modelSize='9824' movable='false' cutOutShape='M0,0 v1 h1 v-1 z' wallCutOutOnBothSides='true'/>
  <pieceOfFurniture level='level-c6e684cc-ddda-4254-8a21-9fa627f5c194' catalogId='Blend Swap CC-BY#mediumIndoorPlant' name='Indoor plant' creator='Betomo16' model='82/mediumIndoorPlant.obj' x='439.08298' y='2655.6055' width='72.5' depth='76.6' height='67.9' modelSize='1285520'/>
  <pieceOfFurniture level='level-0f47d14f-ad60-41ad-bf44-80d18e2931d4' catalogId='Scopia#carSegmentB' name='City car' creator='Scopia' model='84/carSegmentB.obj' x='329.03745' y='3628.933' elevation='15.24' angle='3.1415927' width='184.4675' depth='394.0175' height='141.28749' modelSize='318426'>
    <material name='Body'>
      <texture name='Red carpet with thick hair' creator='Scopia' catalogId='eTeksScopia#red-carpet-large-hair' width='216.8' height='150.0' image='85'/>
    </material>
  </pieceOfFurniture>
  <pieceOfFurniture level='level-0f47d14f-ad60-41ad-bf44-80d18e2931d4' catalogId='Scopia#4x4' name='4x4' creator='Scopia' model='87/4x4.obj' x='325.10132' y='3206.9102' elevation='15.24' angle='3.1415927' width='186.3725' depth='381.63498' height='194.31' modelSize='426895'>
    <material name='Body'>
      <texture name='Gold flowers' creator='Scopia' catalogId='eTeksScopia#wall-fabric-gold' width='100.0' height='100.0' image='88'/>
    </material>
  </pieceOfFurniture>
  <pieceOfFurniture level='level-0f47d14f-ad60-41ad-bf44-80d18e2931d4' catalogId='Icybones#litParents' name='Bed' creator='Icybones' model='90' x='324.60602' y='2243.788' elevation='91.44' width='188.8' depth='225.6' height='88.8' modelSize='232544'/>
  <pieceOfFurniture level='level-0f47d14f-ad60-41ad-bf44-80d18e2931d4' catalogId='Icybones#litParents' name='Bed' creator='Icybones' model='90' x='547.79065' y='1648.6416' elevation='91.44' angle='1.5707964' width='133.26796' depth='196.89276' depthInPlan='196.8928' height='73.12871' modelSize='232544'/>
  <pieceOfFurniture level='level-0f47d14f-ad60-41ad-bf44-80d18e2931d4' catalogId='Blend Swap CC-0#sofa2' name='Sofa' creator='Blend Swap' model='92/sofa2.obj' x='416.85294' y='1870.8328' elevation='91.44' angle='3.1415927' width='166.9' depth='74.7' height='84.8' modelSize='296526'/>
  <pieceOfFurniture level='level-0f47d14f-ad60-41ad-bf44-80d18e2931d4' catalogId='Scopia#rattanArmchair' name='Rattan armchair' creator='Scopia' model='58/rattanArmchair.obj' x='729.5527' y='2099.0088' elevation='91.44' angle='4.546535' width='71.0' depth='72.4' height='78.7' modelSize='91347'/>
  <pieceOfFurniture level='level-0f47d14f-ad60-41ad-bf44-80d18e2931d4' catalogId='Scopia#rattanArmchair' name='Rattan armchair' creator='Scopia' model='58/rattanArmchair.obj' x='737.2122' y='1986.9661' elevation='91.44' angle='4.9603205' width='71.0' depth='72.4' height='78.7' modelSize='91347'/>
  <pieceOfFurniture level='level-0f47d14f-ad60-41ad-bf44-80d18e2931d4' catalogId='Blend Swap CC-BY#mediumIndoorPlant' name='Indoor plant' creator='Betomo16' model='82/mediumIndoorPlant.obj' x='721.2532' y='2042.6973' elevation='91.44' width='72.5' depth='76.6' height='67.9' modelSize='1285520'/>
  <pieceOfFurniture level='level-0f47d14f-ad60-41ad-bf44-80d18e2931d4' catalogId='Blend Swap CC-BY#mediumIndoorPlant' name='Indoor plant' creator='Betomo16' model='82/mediumIndoorPlant.obj' x='600.7272' y='1747.6246' elevation='91.44' width='72.5' depth='76.6' height='67.9' modelSize='1285520'/>
  <doorOrWindow level='level-3787c2fe-2d83-4bee-9a68-8065e90090ee' catalogId='Kator Legaz#exterior-door-07' name='Exterior door' creator='Kator Legaz' model='94/exterior-door-07.obj' x='585.4862' y='3557.2578' angle='3.1415927' width='101.917496' depth='18.0975' height='205.105' modelSize='115838' movable='false' cutOutShape='M0,0 v1 h1 v-1 z' wallCutOutOnBothSides='true'/>
  <doorOrWindow level='level-3787c2fe-2d83-4bee-9a68-8065e90090ee' catalogId='Kator Legaz#exterior-door-07' name='Exterior door' creator='Kator Legaz' model='94/exterior-door-07.obj' x='174.08786' y='1741.7758' angle='4.712389' width='101.917496' depth='18.0975' height='205.105' modelSize='115838' movable='false' cutOutShape='M0,0 v1 h1 v-1 z' wallCutOutOnBothSides='true'/>
  <doorOrWindow level='level-3787c2fe-2d83-4bee-9a68-8065e90090ee' catalogId='Kator Legaz#exterior-door-07' name='Exterior door' creator='Kator Legaz' model='94/exterior-door-07.obj' x='720.9762' y='2213.3032' angle='1.7484555E-7' width='90.17' widthInPlan='90.169975' depth='27.939999' depthInPlan='27.939997' height='186.69' heightInPlan='186.69003' modelMirrored='true' modelSize='115838' movable='false' cutOutShape='M0,0 v1 h1 v-1 z' wallCutOutOnBothSides='true'/>
  <doorOrWindow level='level-3787c2fe-2d83-4bee-9a68-8065e90090ee' catalogId='Scopia#door' name='Door' creator='Scopia' model='96/door.obj' x='392.0462' y='1557.8895' width='71.119995' depth='12.952317' height='155.575' modelSize='146649' movable='false' cutOutShape='M0,0 v1 h1 v-1 z' wallCutOutOnBothSides='true'/>
  <doorOrWindow level='level-3787c2fe-2d83-4bee-9a68-8065e90090ee' catalogId='Scopia#door' name='Door' creator='Scopia' model='96/door.obj' x='460.64532' y='2277.9504' angle='1.5707964' width='82.549995' depth='15.033939' height='180.6575' modelMirrored='true' modelSize='146649' movable='false' cutOutShape='M0,0 v1 h1 v-1 z' wallCutOutOnBothSides='true'/>
  <doorOrWindow level='level-3787c2fe-2d83-4bee-9a68-8065e90090ee' catalogId='Scopia#door' name='Door' creator='Scopia' model='96/door.obj' x='238.5284' y='2459.9087' angle='3.1415925' width='85.09' depth='20.32' height='180.6575' heightInPlan='180.65753' modelSize='146649' movable='false' cutOutShape='M0,0 v1 h1 v-1 z' wallCutOutOnBothSides='true'/>
  <doorOrWindow level='level-3787c2fe-2d83-4bee-9a68-8065e90090ee' catalogId='Scopia#door' name='Door' creator='Scopia' model='96/door.obj' x='520.01056' y='2353.8235' width='82.549995' depth='14.9225' height='180.6575' modelMirrored='true' modelSize='146649' movable='false' cutOutShape='M0,0 v1 h1 v-1 z' wallCutOutOnBothSides='true'/>
  <doorOrWindow level='level-3787c2fe-2d83-4bee-9a68-8065e90090ee' catalogId='Scopia#door' name='Door' creator='Scopia' model='96/door.obj' x='509.53427' y='2719.699' angle='3.1415925' width='82.549995' depth='16.51' height='180.6575' modelSize='146649' movable='false' cutOutShape='M0,0 v1 h1 v-1 z' wallCutOutOnBothSides='true'/>
  <doorOrWindow level='level-3787c2fe-2d83-4bee-9a68-8065e90090ee' catalogId='Scopia#door' name='Door' creator='Scopia' model='96/door.obj' x='463.66153' y='2769.2766' angle='4.712389' width='74.93' depth='20.32' depthInPlan='20.319998' height='180.6575' modelMirrored='true' modelSize='146649' movable='false' cutOutShape='M0,0 v1 h1 v-1 z' wallCutOutOnBothSides='true'/>
  <doorOrWindow level='level-3787c2fe-2d83-4bee-9a68-8065e90090ee' catalogId='Scopia#door' name='Door' creator='Scopia' model='96/door.obj' x='361.80914' y='2600.5442' width='85.09' depth='20.32' height='180.6575' modelMirrored='true' modelSize='146649' movable='false' cutOutShape='M0,0 v1 h1 v-1 z' wallCutOutOnBothSides='true'/>
  <doorOrWindow level='level-3787c2fe-2d83-4bee-9a68-8065e90090ee' catalogId='Scopia#door' name='Door' creator='Scopia' model='96/door.obj' x='460.3297' y='2888.1624' angle='1.5707964' width='88.9' depth='16.190397' height='194.6275' modelSize='146649' movable='false' cutOutShape='M0,0 v1 h1 v-1 z' wallCutOutOnBothSides='true'/>
  <doorOrWindow level='level-3787c2fe-2d83-4bee-9a68-8065e90090ee' catalogId='Scopia#door' name='Door' creator='Scopia' model='96/door.obj' x='646.7001' y='2274.0354' angle='1.5707964' width='88.9' depth='16.070385' height='194.6275' modelMirrored='true' modelSize='146649' movable='false' cutOutShape='M0,0 v1 h1 v-1 z' wallCutOutOnBothSides='true'/>
  <pieceOfFurniture level='level-3787c2fe-2d83-4bee-9a68-8065e90090ee' catalogId='Wrosun#counter' name='Counter' creator='Wrosun' model='98/counter.obj' x='841.86395' y='2536.3423' width='170.18' widthInPlan='170.18001' depth='391.16' depthInPlan='391.16016' height='83.47269' modelSize='401858' movable='false'/>
  <pieceOfFurniture level='level-c6e684cc-ddda-4254-8a21-9fa627f5c194' catalogId='Blend Swap CC-BY#mediumIndoorPlant' name='Indoor plant' creator='Betomo16' model='82/mediumIndoorPlant.obj' x='866.06274' y='3363.1235' width='72.5' depth='76.6' height='67.9' modelSize='1285520'/>
  <shelfUnit level='level-c6e684cc-ddda-4254-8a21-9fa627f5c194' catalogId='Scopia#contemp_living_room' name='Contemporary living room' creator='Scopia' model='100/contemp_living_room.obj' x='511.24274' y='3146.7725' angle='4.712389' width='330.9' depth='40.3' height='199.5' modelMirrored='true' modelSize='648341'/>
  <pieceOfFurniture level='level-0f47d14f-ad60-41ad-bf44-80d18e2931d4' catalogId='Scopia#ficusTree' name='Ficus' creator='Scopia' model='102/ficusTree.obj' x='271.31168' y='272.248' width='275.0' depth='283.9' height='500.0' modelSize='4703357' movable='false'/>
  <pieceOfFurniture level='level-c6e684cc-ddda-4254-8a21-9fa627f5c194' catalogId='Kator Legaz#bar-stool' name='Bar stool' creator='Kator Legaz' model='104/bar-stool.obj' x='779.9011' y='2804.09' angle='3.4251804' width='53.2' depth='59.3' height='110.0' modelSize='131112'/>
  <pieceOfFurniture level='level-c6e684cc-ddda-4254-8a21-9fa627f5c194' catalogId='Kator Legaz#bar-stool' name='Bar stool' creator='Kator Legaz' model='104/bar-stool.obj' x='865.3054' y='2796.1187' angle='2.7915769' width='53.2' widthInPlan='53.199997' depth='59.3' depthInPlan='59.29999' height='110.0' modelSize='131112'/>
  <pieceOfFurniture level='level-c6e684cc-ddda-4254-8a21-9fa627f5c194' catalogId='Blend Swap CC-BY#cornerSofa' name='Corner sofa' creator='Nikitron' model='106/cornerSofa.obj' x='846.3998' y='3147.0825' angle='1.5707964' width='345.8' depth='155.0' height='85.5' modelSize='1279449'/>
  <pieceOfFurniture level='level-c6e684cc-ddda-4254-8a21-9fa627f5c194' catalogId='Blend Swap CC-BY#mediumIndoorPlant' name='Indoor plant' creator='Betomo16' model='82/mediumIndoorPlant.obj' x='823.2816' y='2932.8538' width='72.5' depth='76.6' height='67.9' modelSize='1285520'/>
  <pieceOfFurniture level='level-c6e684cc-ddda-4254-8a21-9fa627f5c194' catalogId='LucaPresidente#scrivania160W' name='Desk' creator='LucaPresidente' model='108/scrivania160W.obj' x='315.07172' y='2898.08' angle='3.1415927' width='122.97876' depth='61.48932' depthInPlan='61.48931' height='72.0' modelSize='21321'/>
  <pieceOfFurniture level='level-0f47d14f-ad60-41ad-bf44-80d18e2931d4' catalogId='Scopia#cat' name='Cat' creator='Scopia' model='110/cat.obj' x='293.88913' y='958.50085' angle='5.497787' width='30.079025' widthInPlan='30.079023' depth='44.70077' depthInPlan='44.70076' height='60.15805' heightInPlan='60.158047' modelSize='157755'/>
  <pieceOfFurniture level='level-c6e684cc-ddda-4254-8a21-9fa627f5c194' catalogId='Bettinelli#clicClac' name='Sofa bed' creator='Gaël Bettinelli' model='112/clicClac.obj' x='238.38608' y='2728.9487' angle='4.712389' width='182.0' depth='93.3' height='93.1' modelSize='57023'>
    <material name='tissu'>
      <texture name='Peacock blue velvet' creator='Scopia' catalogId='eTeksScopia#peacock_blue_velvet' width='100.0' height='100.0' image='113'/>
    </material>
  </pieceOfFurniture>
  <pieceOfFurniture level='level-c6e684cc-ddda-4254-8a21-9fa627f5c194' catalogId='Reallusion#lyingDownFemale01' name='Lying down female' creator='Reallusion' model='115/lyingDownFemale01.obj' x='338.1146' y='2244.1055' elevation='30.48' width='89.4' depth='163.5' height='59.9' modelSize='648481'/>
  <pieceOfFurniture level='level-0f47d14f-ad60-41ad-bf44-80d18e2931d4' catalogId='Reallusion#sitMale03' name='Sitting male' creator='Reallusion' model='117/sitMale03.obj' x='546.0516' y='1069.5906' width='67.6' depth='88.4' height='123.189995' modelSize='574704'/>
  <pieceOfFurniture level='level-0f47d14f-ad60-41ad-bf44-80d18e2931d4' catalogId='Reallusion#sitFemale03' name='Sitting female' creator='Reallusion' model='119/sitFemale03.obj' x='827.36285' y='3075.8135' elevation='60.96' angle='0.638615' width='49.4' depth='97.2' height='126.7' modelSize='624405'/>
  <wall id='wall-425fb04b-4040-494e-8a7d-742c70bcbd3c' level='level-c6e684cc-ddda-4254-8a21-9fa627f5c194' xStart='468.5826' yStart='2261.7212' xEnd='527.0027' yEnd='2261.7212' height='243.84' thickness='7.62' pattern='hatchUp'/>
  <wall id='wall-5c8ec567-c51f-4e6f-8b58-73e1fb9d92fe' level='level-c6e684cc-ddda-4254-8a21-9fa627f5c194' xStart='524.5348' yStart='2125.0085' xEnd='524.5348' yEnd='2171.3635' height='243.84' thickness='7.62' pattern='hatchUp'/>
  <wall id='wall-1aca79fc-1bdb-48fc-9f13-222076824d32' level='level-c6e684cc-ddda-4254-8a21-9fa627f5c194' xStart='788.9171' yStart='1926.9915' xEnd='788.9171' yEnd='1815.2303' height='243.84' thickness='7.62' pattern='hatchUp'/>
  <wall id='wall-f76bf71b-4de6-4712-a70b-26e20e1e80f0' level='level-c6e684cc-ddda-4254-8a21-9fa627f5c194' xStart='525.17456' yStart='2207.784' xEnd='525.17456' yEnd='2260.489' height='243.84' thickness='7.62' pattern='hatchUp'/>
  <wall id='wall-3fcba4be-6c12-472b-926c-c7954cf0e522' level='level-c6e684cc-ddda-4254-8a21-9fa627f5c194' wallAtEnd='wall-537b712b-cb24-42a3-9e1e-d152265142af' xStart='664.4571' yStart='1628.7603' xEnd='788.9171' yEnd='1628.7603' height='243.84' thickness='7.62' pattern='hatchUp'/>
  <wall id='wall-537b712b-cb24-42a3-9e1e-d152265142af' level='level-c6e684cc-ddda-4254-8a21-9fa627f5c194' wallAtStart='wall-3fcba4be-6c12-472b-926c-c7954cf0e522' wallAtEnd='wall-bf2972a5-c22a-4909-885f-07fe6a795484' xStart='788.9171' yStart='1628.7603' xEnd='788.9171' yEnd='1716.392' height='243.84' thickness='7.62' pattern='hatchUp'/>
  <wall id='wall-bf2972a5-c22a-4909-885f-07fe6a795484' level='level-c6e684cc-ddda-4254-8a21-9fa627f5c194' wallAtStart='wall-537b712b-cb24-42a3-9e1e-d152265142af' xStart='788.9171' yStart='1716.392' xEnd='764.2362' yEnd='1716.392' height='243.84' thickness='7.62' pattern='hatchUp'/>
  <wall id='wall-0474faaa-bad7-420d-b210-6299ef496cec' level='level-c6e684cc-ddda-4254-8a21-9fa627f5c194' xStart='459.7903' yStart='2595.432' xEnd='459.7903' yEnd='2482.4019' height='243.84' thickness='7.62' pattern='hatchUp'/>
  <wall id='wall-f8c4ffc5-f4c7-48db-b26c-2b0075d0ac7c' level='level-c6e684cc-ddda-4254-8a21-9fa627f5c194' xStart='945.06885' yStart='1386.0651' xEnd='945.06885' yEnd='2206.489' height='76.2' thickness='7.62' pattern='hatchUp'>
    <texture attribute='leftSideTexture' name='Old gray wooden floor' creator='Scopia' catalogId='eTeksScopia#old-grey-parquet' width='100.0' height='100.0' angle='1.5707964' image='121'/>
  </wall>
  <wall id='wall-a4ef1a16-46f9-4849-8893-61fd1258459b' level='level-c6e684cc-ddda-4254-8a21-9fa627f5c194' xStart='186.57788' yStart='1554.1694' xEnd='654.5729' yEnd='1554.1694' height='243.84' thickness='7.62' pattern='hatchUp'/>
  <wall id='wall-e5df80ff-2be8-48fc-984d-851b2a520270' level='level-c6e684cc-ddda-4254-8a21-9fa627f5c194' xStart='326.88095' yStart='1399.3654' xEnd='326.88095' yEnd='1476.8353' height='243.84' thickness='7.62' pattern='hatchUp'/>
  <wall id='wall-29740631-89a7-430a-b98a-37a18c249a57' level='level-c6e684cc-ddda-4254-8a21-9fa627f5c194' xStart='178.35095' yStart='2098.5212' xEnd='653.33093' yEnd='2098.5212' height='243.84' thickness='30.48' pattern='hatchUp'/>
  <wall id='wall-2e6381fc-6e4f-46b9-9cac-50fed4e9ee3b' level='level-c6e684cc-ddda-4254-8a21-9fa627f5c194' xStart='552.1522' yStart='2081.3196' xEnd='554.62024' yEnd='1912.2562' height='243.84' thickness='7.62' pattern='hatchUp'/>
  <wall id='wall-746c92e7-24c2-4832-93e5-91c10486fdb4' level='level-c6e684cc-ddda-4254-8a21-9fa627f5c194' xStart='633.6095' yStart='1386.0651' xEnd='940.94946' yEnd='1386.0651' height='76.2' thickness='7.62' pattern='hatchUp'>
    <texture attribute='leftSideTexture' name='Old gray wooden floor' creator='Scopia' width='100.0' height='100.0' angle='1.5707964' image='121'/>
    <texture attribute='rightSideTexture' name='Old gray wooden floor' creator='Scopia' catalogId='eTeksScopia#old-grey-parquet' width='100.0' height='100.0' angle='1.5707964' image='121'/>
  </wall>
  <wall id='wall-45559b7a-3bae-4f92-9cee-13f64a8f349e' level='level-3787c2fe-2d83-4bee-9a68-8065e90090ee' wallAtStart='wall-b8a64479-7c8f-4348-84b3-00cda8f78992' xStart='460.5017' yStart='2352.2834' xEnd='639.5717' yEnd='2352.2834' height='243.84' thickness='7.62' pattern='hatchUp' leftSideColor='FFDEDEDE' rightSideColor='FFDEDEDE'/>
  <wall id='wall-381a0e13-08dd-4b6f-aba0-e9cfdcb029f6' level='level-3787c2fe-2d83-4bee-9a68-8065e90090ee' wallAtEnd='wall-3ab92128-96ea-477b-acda-480b5796abff' xStart='638.3017' yStart='2720.5854' xEnd='460.5017' yEnd='2720.5854' height='243.84' thickness='7.62' pattern='hatchUp' leftSideColor='FFDEDEDE' rightSideColor='FFDEDEDE'/>
  <wall id='wall-3ab92128-96ea-477b-acda-480b5796abff' level='level-3787c2fe-2d83-4bee-9a68-8065e90090ee' wallAtStart='wall-381a0e13-08dd-4b6f-aba0-e9cfdcb029f6' xStart='460.5017' yStart='2720.5854' xEnd='460.50165' yEnd='2352.2834' height='243.84' thickness='7.62' pattern='hatchUp' leftSideColor='FFDEDEDE' rightSideColor='FFDEDEDE'/>
  <wall id='wall-d378c937-53fb-411c-ba28-7a0b006206c9' level='level-3787c2fe-2d83-4bee-9a68-8065e90090ee' xStart='460.5017' yStart='2721.131' xEnd='460.5017' yEnd='2942.746' height='243.84' thickness='7.62' pattern='hatchUp' leftSideColor='FFDEDEDE' rightSideColor='FFDEDEDE'/>
  <wall id='wall-17c9e8c3-9cc8-42aa-8608-6f7a3d348a56' level='level-3787c2fe-2d83-4bee-9a68-8065e90090ee' xStart='187.0155' yStart='2599.5537' xEnd='460.5017' yEnd='2599.5537' height='243.84' thickness='7.62' pattern='hatchUp' leftSideColor='FFDEDEDE' rightSideColor='FFDEDEDE'/>
  <wall id='wall-9e22e816-28f6-4391-aed8-1a881d744009' level='level-3787c2fe-2d83-4bee-9a68-8065e90090ee' xStart='460.5017' yStart='2460.6438' xEnd='176.77292' yEnd='2460.6438' height='243.84' thickness='7.62' pattern='hatchUp' leftSideColor='FFDEDEDE' rightSideColor='FFDEDEDE'/>
  <wall id='wall-b8a64479-7c8f-4348-84b3-00cda8f78992' level='level-3787c2fe-2d83-4bee-9a68-8065e90090ee' wallAtStart='wall-45559b7a-3bae-4f92-9cee-13f64a8f349e' xStart='460.5017' yStart='2352.2834' xEnd='460.5017' yEnd='2121.142' height='243.84' thickness='7.62' pattern='hatchUp' leftSideColor='FFDEDEDE' rightSideColor='FFDEDEDE'/>
  <wall id='wall-88d3b53e-804d-4aab-8268-78926962bcb4' level='level-3787c2fe-2d83-4bee-9a68-8065e90090ee' xStart='301.77148' yStart='2599.5537' xEnd='301.77148' yEnd='2461.1228' height='243.84' thickness='7.62' pattern='hatchUp' leftSideColor='FFDEDEDE' rightSideColor='FFDEDEDE'/>
  <wall id='wall-c4845a2b-ff9f-428c-84f7-53b5b60c4e21' level='level-3787c2fe-2d83-4bee-9a68-8065e90090ee' xStart='420.28998' yStart='2599.5537' xEnd='420.28998' yEnd='2461.1228' height='243.84' thickness='7.62' pattern='hatchUp' leftSideColor='FFDEDEDE' rightSideColor='FFDEDEDE'/>
  <wall id='wall-3bf04d92-2d1a-44e7-b0db-6e4798eee594' level='level-3787c2fe-2d83-4bee-9a68-8065e90090ee' xStart='638.29083' yStart='2460.6438' xEnd='548.12085' yEnd='2460.6438' height='243.84' thickness='7.62' pattern='hatchUp' leftSideColor='FFDEDEDE' rightSideColor='FFDEDEDE'/>
  <wall id='wall-19182d3b-2581-40ac-8516-ddb90fd5f2f4' level='level-3787c2fe-2d83-4bee-9a68-8065e90090ee' xStart='639.56085' yStart='2630.9827' xEnd='548.12085' yEnd='2630.9827' height='243.84' thickness='7.62' pattern='hatchUp' leftSideColor='FFDEDEDE' rightSideColor='FFDEDEDE'/>
  <wall id='wall-53da0c85-7007-4e6f-84bc-9244382efd76' level='level-3787c2fe-2d83-4bee-9a68-8065e90090ee' wallAtStart='wall-c4b719c9-e71a-4583-9b02-c1cfeab41d3d' wallAtEnd='wall-43e5448d-0080-45c5-8c7e-5f710d1e6020' xStart='176.77258' yStart='1388.2504' xEnd='176.77325' yEnd='2942.746' height='304.8' thickness='20.32' pattern='hatchUp' leftSideColor='FFDEDEDE'>
    <texture attribute='rightSideTexture' name='Wood logs' creator='Ola-Kristian Hoff' width='200.0' height='200.0' image='126'/>
  </wall>
  <wall id='wall-43e5448d-0080-45c5-8c7e-5f710d1e6020' level='level-3787c2fe-2d83-4bee-9a68-8065e90090ee' wallAtStart='wall-53da0c85-7007-4e6f-84bc-9244382efd76' wallAtEnd='wall-89bd77fa-3ca1-4de7-a260-11d69840fc65' xStart='176.77325' yStart='2942.746' xEnd='481.57324' yEnd='2942.746' height='304.8' thickness='20.32' pattern='hatchUp' leftSideColor='FFDEDEDE'>
    <texture attribute='rightSideTexture' name='Wood logs' creator='Ola-Kristian Hoff' width='200.0' height='200.0' image='126'/>
  </wall>
  <wall id='wall-89bd77fa-3ca1-4de7-a260-11d69840fc65' level='level-3787c2fe-2d83-4bee-9a68-8065e90090ee' wallAtStart='wall-43e5448d-0080-45c5-8c7e-5f710d1e6020' wallAtEnd='wall-f9e7d8ad-6306-4776-98e8-f4d64e78217f' xStart='481.57324' yStart='2942.746' xEnd='481.57324' yEnd='3552.3489' height='304.8' thickness='20.32' pattern='hatchUp' leftSideColor='FFDEDEDE'>
    <texture attribute='rightSideTexture' name='Wood logs' creator='Ola-Kristian Hoff' width='200.0' height='200.0' image='126'/>
  </wall>
  <wall id='wall-f9e7d8ad-6306-4776-98e8-f4d64e78217f' level='level-3787c2fe-2d83-4bee-9a68-8065e90090ee' wallAtStart='wall-f2d7fbd5-ba0c-40ba-98c4-f307bf3421bc' wallAtEnd='wall-89bd77fa-3ca1-4de7-a260-11d69840fc65' xStart='938.7732' yStart='3552.3489' xEnd='481.57324' yEnd='3552.3489' height='304.8' thickness='20.32' pattern='hatchUp' rightSideColor='FFDEDEDE'>
    <texture attribute='leftSideTexture' name='Wood logs' creator='Ola-Kristian Hoff' width='200.0' height='200.0' image='126'/>
  </wall>
  <wall id='wall-bcd179bb-181b-4685-85bb-4d74df178659' level='level-3787c2fe-2d83-4bee-9a68-8065e90090ee' wallAtStart='wall-f2d7fbd5-ba0c-40ba-98c4-f307bf3421bc' wallAtEnd='wall-ac6554e0-e90c-423e-97a9-c017c4705dfc' xStart='938.7732' yStart='2212.463' xEnd='664.4526' yEnd='2212.4805' height='304.8' thickness='20.32' pattern='hatchUp' leftSideColor='FFDEDEDE'>
    <texture attribute='rightSideTexture' name='Wood logs' creator='Ola-Kristian Hoff' width='200.0' height='200.0' image='126'/>
  </wall>
  <wall id='wall-ac6554e0-e90c-423e-97a9-c017c4705dfc' level='level-3787c2fe-2d83-4bee-9a68-8065e90090ee' wallAtStart='wall-bcd179bb-181b-4685-85bb-4d74df178659' wallAtEnd='wall-c4b719c9-e71a-4583-9b02-c1cfeab41d3d' xStart='664.4526' yStart='2212.4805' xEnd='664.4526' yEnd='1388.2504' height='304.8' thickness='20.32' pattern='hatchUp' leftSideColor='FFDEDEDE'>
    <texture attribute='rightSideTexture' name='Wood logs' creator='Ola-Kristian Hoff' width='200.0' height='200.0' image='126'/>
  </wall>
  <wall id='wall-c4b719c9-e71a-4583-9b02-c1cfeab41d3d' level='level-3787c2fe-2d83-4bee-9a68-8065e90090ee' wallAtStart='wall-ac6554e0-e90c-423e-97a9-c017c4705dfc' wallAtEnd='wall-53da0c85-7007-4e6f-84bc-9244382efd76' xStart='664.4526' yStart='1388.2504' xEnd='176.77258' yEnd='1388.2504' height='304.8' thickness='20.32' pattern='hatchUp'>
    <texture attribute='rightSideTexture' name='Wood logs' creator='Ola-Kristian Hoff' width='200.0' height='200.0' image='126'/>
  </wall>
  <wall id='wall-f2d7fbd5-ba0c-40ba-98c4-f307bf3421bc' level='level-3787c2fe-2d83-4bee-9a68-8065e90090ee' wallAtStart='wall-bcd179bb-181b-4685-85bb-4d74df178659' wallAtEnd='wall-f9e7d8ad-6306-4776-98e8-f4d64e78217f' xStart='938.7732' yStart='2212.463' xEnd='938.7732' yEnd='3552.3489' height='304.8' thickness='20.32' pattern='hatchUp'>
    <texture attribute='leftSideTexture' name='Wood logs' creator='Ola-Kristian Hoff' width='200.0' height='200.0' image='126'/>
  </wall>
  <wall id='wall-4076b6ed-72a7-4598-a572-4631ede5cb9b' level='level-3787c2fe-2d83-4bee-9a68-8065e90090ee' wallAtStart='wall-ee5d0a56-d551-4e0a-99be-80506f6fbfd9' xStart='642.08905' yStart='2828.6606' xEnd='642.08905' yEnd='2085.1328' height='243.84' thickness='30.48' pattern='hatchUp' leftSideColor='FFDEDEDE' rightSideColor='FFDEDEDE'/>
  <wall id='wall-ee5d0a56-d551-4e0a-99be-80506f6fbfd9' level='level-3787c2fe-2d83-4bee-9a68-8065e90090ee' wallAtStart='wall-4076b6ed-72a7-4598-a572-4631ede5cb9b' xStart='642.08905' yStart='2828.6606' xEnd='460.5017' yEnd='2828.6606' height='243.84' thickness='7.62' pattern='hatchUp' leftSideColor='FFDEDEDE' rightSideColor='FFDEDEDE'/>
  <wall id='wall-493153c2-7f80-4f7e-b63d-39b3ad07afa7' level='level-3787c2fe-2d83-4bee-9a68-8065e90090ee' xStart='664.7709' yStart='1910.3365' xEnd='319.33084' yEnd='1910.3365' height='243.84' thickness='7.62' pattern='hatchUp' leftSideColor='FFDEDEDE' rightSideColor='FFDEDEDE'/>
  <wall id='wall-e35ce1fa-66f9-4610-be0f-aba64fb48f78' level='level-3787c2fe-2d83-4bee-9a68-8065e90090ee' wallAtStart='wall-0ba9ea01-419b-488d-bfa8-6f5395ef6494' xStart='458.36502' yStart='2124.5117' xEnd='643.78503' yEnd='2124.5117' height='243.84' thickness='7.62' pattern='hatchUp'/>
  <wall id='wall-0ba9ea01-419b-488d-bfa8-6f5395ef6494' level='level-3787c2fe-2d83-4bee-9a68-8065e90090ee' wallAtStart='wall-e35ce1fa-66f9-4610-be0f-aba64fb48f78' xStart='458.36502' yStart='2124.5117' xEnd='185.31503' yEnd='2124.5117' height='243.84' thickness='7.62' pattern='hatchUp'/>
  <room id='room-78cf27c1-096c-4f38-9618-81fe35ef360c' level='level-c6e684cc-ddda-4254-8a21-9fa627f5c194' name='porch' areaVisible='true' ceilingFlat='true'>
    <textStyle attribute='nameStyle' fontSize='20.0'/>
    <textStyle attribute='areaStyle' fontSize='20.0'/>
    <texture attribute='floorTexture' name='Old gray wooden floor' creator='Scopia' catalogId='eTeksScopia#old-grey-parquet' width='100.0' height='100.0' image='121'/>
    <texture attribute='ceilingTexture' name='Round blue slates' creator='Emmanuel Puybaret' catalogId='Puybaret#roundBlueSlates' width='75.0' height='75.0' image='120'/>
    <point x='467.91028' y='3561.7007'/>
    <point x='467.91028' y='3744.5806'/>
    <point x='940.3528' y='3744.5806'/>
    <point x='940.3528' y='3561.7007'/>
  </room>
  <room id='room-044e9ba1-af2d-497b-a8c2-2855c9dec37a' level='level-c6e684cc-ddda-4254-8a21-9fa627f5c194' name='studio kitchen' areaVisible='true' floorShininess='0.25' ceilingVisible='false' ceilingFlat='true'>
    <textStyle attribute='nameStyle' fontSize='20.0'/>
    <textStyle attribute='areaStyle' fontSize='20.0'/>
    <texture attribute='floorTexture' name='Dark ceramic tiles' creator='Scopia' catalogId='eTeksScopia#dark-ceramic-tiles' width='100.0' height='100.0' angle='0.7853982' image='122'/>
    <point x='186.88605' y='2080.4011'/>
    <point x='550.7984' y='2079.213'/>
    <point x='550.7984' y='1915.3829'/>
    <point x='186.88605' y='1915.301'/>
  </room>
  <room id='room-c971f784-d097-4cfa-8157-8f7027dabb28' level='level-c6e684cc-ddda-4254-8a21-9fa627f5c194' name='studio' areaVisible='true' ceilingVisible='false' ceilingFlat='true'>
    <textStyle attribute='nameStyle' fontSize='20.0'/>
    <textStyle attribute='areaStyle' fontSize='20.0'/>
    <texture attribute='floorTexture' name='Wooden floor' creator='Scopia' catalogId='eTeksScopia#english-parquet-3' width='120.0' height='120.0' image='123'/>
    <point x='191.92557' y='1561.4327'/>
    <point x='651.3756' y='1558.6062'/>
    <point x='651.3756' y='1906.5862'/>
    <point x='191.92557' y='1909.4127'/>
  </room>
  <room id='room-675fb06a-5b91-42ee-9c9d-a2ee769c85bf' level='level-c6e684cc-ddda-4254-8a21-9fa627f5c194' name='bathroom' areaVisible='true' ceilingVisible='false' ceilingFlat='true'>
    <textStyle attribute='nameStyle' fontSize='20.0'/>
    <textStyle attribute='areaStyle' fontSize='20.0'/>
    <texture attribute='floorTexture' name='Brown terrace tiles' creator='Scopia' catalogId='eTeksScopia#brown-terrazzo-floor-tiles' width='120.0' height='120.0' angle='1.5707964' image='124'/>
    <point x='469.46686' y='2346.3394'/>
    <point x='629.4869' y='2346.3394'/>
    <point x='632.027' y='2714.6394'/>
    <point x='469.46686' y='2714.6394'/>
  </room>
  <room id='room-102f54f6-b984-4458-9a83-abe68e08db92' level='level-c6e684cc-ddda-4254-8a21-9fa627f5c194' name='closet' areaVisible='true' ceilingVisible='false' ceilingFlat='true'>
    <textStyle attribute='nameStyle' fontSize='20.0'/>
    <textStyle attribute='areaStyle' fontSize='20.0'/>
    <texture attribute='floorTexture' name='Wooden floor' creator='Scopia' catalogId='eTeksScopia#english-parquet-3' width='120.0' height='120.0' image='123'/>
    <point x='558.70544' y='1906.2179'/>
    <point x='558.70544' y='2076.3972'/>
    <point x='653.95544' y='2076.3972'/>
    <point x='653.95544' y='1906.2177'/>
  </room>
  <room id='room-2c732dda-8814-49b1-9528-f8ab6912f5e9' level='level-c6e684cc-ddda-4254-8a21-9fa627f5c194' name='WIC' areaVisible='true' ceilingVisible='false' ceilingFlat='true'>
    <textStyle attribute='nameStyle' fontSize='20.0'/>
    <textStyle attribute='areaStyle' fontSize='20.0'/>
    <point x='187.49522' y='1399.1368'/>
    <point x='187.12956' y='1548.9847'/>
    <point x='326.70764' y='1549.4722'/>
    <point x='327.43896' y='1399.5342'/>
  </room>
  <room id='room-dc004d8d-7224-475e-b0c2-19e5adea03d9' level='level-c6e684cc-ddda-4254-8a21-9fa627f5c194' areaVisible='true' ceilingVisible='false' ceilingFlat='true'>
    <textStyle attribute='nameStyle' fontSize='20.0'/>
    <textStyle attribute='areaStyle' fontSize='20.0'/>
    <point x='669.01697' y='1628.7397'/>
    <point x='669.1727' y='1855.4149'/>
    <point x='788.3977' y='1855.4149'/>
    <point x='788.3977' y='1628.7397'/>
  </room>
  <room id='room-ab82aa91-2e6d-4b08-b277-c265c9b7b47f' level='level-c6e684cc-ddda-4254-8a21-9fa627f5c194' name='W/D' ceilingVisible='false' ceilingFlat='true'>
    <textStyle attribute='nameStyle' fontSize='20.0'/>
    <textStyle attribute='areaStyle' fontSize='20.0'/>
    <texture attribute='floorTexture' name='Old gray wooden floor' creator='Scopia' catalogId='eTeksScopia#old-grey-parquet' width='100.0' height='100.0' image='121'/>
    <point x='785.10706' y='1625.9974'/>
    <point x='785.10706' y='1923.1813'/>
    <point x='665.7263' y='1923.1813'/>
    <point x='665.7263' y='1625.9974'/>
  </room>
  <room id='room-6f13f783-d3ab-4127-974c-60772c032ef6' level='level-0f47d14f-ad60-41ad-bf44-80d18e2931d4' areaVisible='true' ceilingVisible='false' ceilingFlat='true'>
    <texture attribute='floorTexture' name='Grass darker' creator='Scopia' catalogId='eTeksScopia#grass_darker' width='80.0' height='80.0' image='125'/>
    <point x='89.231384' y='74.519554'/>
    <point x='1064.5938' y='74.519554'/>
    <point x='1064.5938' y='3975.9678'/>
    <point x='89.231384' y='3975.9678'/>
  </room>
  <room id='room-af72fa43-8b44-450a-905c-ab2b40f14748' level='level-c6e684cc-ddda-4254-8a21-9fa627f5c194' name='studio entry' areaVisible='true' ceilingVisible='false' ceilingFlat='true'>
    <textStyle attribute='nameStyle' fontSize='20.0'/>
    <textStyle attribute='areaStyle' fontSize='20.0'/>
    <texture attribute='floorTexture' name='Old gray wooden floor' creator='Scopia' width='100.0' height='100.0' image='121'/>
    <point x='93.91089' y='1690.1277'/>
    <point x='93.91089' y='1789.1877'/>
    <point x='167.57089' y='1789.1877'/>
    <point x='167.57089' y='1690.1277'/>
  </room>
  <room id='room-93e1449b-1b75-4394-aa43-c917675ece80' level='level-3787c2fe-2d83-4bee-9a68-8065e90090ee' areaVisible='true' ceilingVisible='false' ceilingFlat='true'>
    <point x='326.87082' y='1399.4122'/>
    <point x='326.87082' y='1549.2722'/>
    <point x='621.5108' y='1549.2722'/>
    <point x='621.5108' y='1399.4122'/>
    <point x='326.87082' y='1399.4122'/>
  </room>
  <room id='room-c3c33e04-6925-45aa-8bd9-bb2c8f776200' level='level-3787c2fe-2d83-4bee-9a68-8065e90090ee' areaVisible='true' ceilingVisible='false' ceilingFlat='true'>
    <texture attribute='floorTexture' name='Brown terrace tiles' creator='Scopia' catalogId='eTeksScopia#brown-terrazzo-floor-tiles' width='120.0' height='120.0' image='124'/>
    <point x='470.2026' y='2724.805'/>
    <point x='470.2026' y='2823.865'/>
    <point x='630.2227' y='2823.865'/>
    <point x='630.2227' y='2724.805'/>
  </room>
  <room id='room-88046e4f-02ab-4c6b-a223-76a6e9903260' level='level-3787c2fe-2d83-4bee-9a68-8065e90090ee' name='enclosed porch' ceilingVisible='false' ceilingFlat='true'>
    <textStyle attribute='nameStyle' fontSize='20.0'/>
    <textStyle attribute='areaStyle' fontSize='20.0'/>
    <texture attribute='floorTexture' name='Old gray wooden floor' creator='Scopia' catalogId='eTeksScopia#old-grey-parquet' width='100.0' height='100.0' image='121'/>
    <point x='649.8822' y='1391.8279'/>
    <point x='647.34216' y='2208.4382'/>
    <point x='940.71216' y='2208.4382'/>
    <point x='940.71216' y='1391.8279'/>
  </room>
  <room id='room-b9fd43ed-3715-47df-b1cf-d51335e0dc44' level='level-3787c2fe-2d83-4bee-9a68-8065e90090ee' name='house' areaVisible='true' ceilingVisible='false' ceilingFlat='true'>
    <texture attribute='floorTexture' name='Dark wood' creator='Emmanuel Puybaret' width='100.0' height='50.0' angle='1.5707964' image='45'/>
    <point x='188.10959' y='2127.8022'/>
    <point x='628.66296' y='2130.2703'/>
    <point x='628.66296' y='2226.5256'/>
    <point x='929.7694' y='2225.2917'/>
    <point x='937.1737' y='3559.2922'/>
    <point x='480.5778' y='3558.058'/>
    <point x='484.27994' y='2942.2708'/>
    <point x='178.23721' y='2947.2068'/>
    <point x='178.23721' y='2145.0789'/>
  </room>
  <dimensionLine id='dimensionLine-8da4fca3-42ff-4853-8519-7274b7b7b069' level='level-3787c2fe-2d83-4bee-9a68-8065e90090ee' xStart='241.95802' yStart='2928.7927' xEnd='241.95802' yEnd='2603.6707' offset='-11.428589' visibleIn3D='true'>
    <textStyle attribute='lengthStyle' fontSize='18.0'/>
  </dimensionLine>
  <dimensionLine id='dimensionLine-1ffe5f34-39c1-4678-af7a-c9c563808fbc' level='level-3787c2fe-2d83-4bee-9a68-8065e90090ee' xStart='186.72003' yStart='2780.2205' xEnd='445.80035' yEnd='2780.2205' offset='-77.03699' visibleIn3D='true'>
    <textStyle attribute='lengthStyle' fontSize='18.0'/>
  </dimensionLine>
  <dimensionLine id='dimensionLine-b4a47bf1-8988-4278-841a-aeccaf0898e1' level='level-3787c2fe-2d83-4bee-9a68-8065e90090ee' xStart='485.55634' yStart='3395.6738' xEnd='919.896' yEnd='3395.6738' offset='-10.158569' visibleIn3D='true'>
    <textStyle attribute='lengthStyle' fontSize='18.0'/>
  </dimensionLine>
  <dimensionLine id='dimensionLine-3b755b5d-0631-4d7e-8119-737b8e57f3ea' level='level-3787c2fe-2d83-4bee-9a68-8065e90090ee' xStart='875.1885' yStart='3542.7637' xEnd='875.1885' yEnd='2768.0598' offset='-40.63495' visibleIn3D='true'>
    <textStyle attribute='lengthStyle' fontSize='18.0'/>
  </dimensionLine>
  <dimensionLine id='dimensionLine-dee1ff51-6da5-48b4-83fc-24a76fdc8e46' level='level-3787c2fe-2d83-4bee-9a68-8065e90090ee' xStart='662.2748' yStart='2781.4902' xEnd='923.89526' yEnd='2781.4902' offset='13.968262' visibleIn3D='true'>
    <textStyle attribute='lengthStyle' fontSize='18.0'/>
  </dimensionLine>
  <dimensionLine id='dimensionLine-756a5fca-3a2e-4261-88cc-9e5503de0a2b' level='level-3787c2fe-2d83-4bee-9a68-8065e90090ee' xStart='191.7994' yStart='2170.6929' xEnd='450.8797' yEnd='2170.6929' offset='-2.5396729' visibleIn3D='true'>
    <textStyle attribute='lengthStyle' fontSize='18.0'/>
  </dimensionLine>
  <dimensionLine id='dimensionLine-5408cee2-9dfc-406d-be65-c3f29e52ec6f' level='level-3787c2fe-2d83-4bee-9a68-8065e90090ee' xStart='267.98978' yStart='2126.2483' xEnd='267.98978' yEnd='2456.4502' offset='-7.619049' visibleIn3D='true'>
    <textStyle attribute='lengthStyle' fontSize='18.0'/>
  </dimensionLine>
  <dimensionLine id='dimensionLine-20e40fb5-66c9-4895-84a4-7baae732fa41' level='level-3787c2fe-2d83-4bee-9a68-8065e90090ee' xStart='857.1959' yStart='2733.8667' xEnd='857.1959' yEnd='2220.7834' offset='-115.55554' visibleIn3D='true'>
    <textStyle attribute='lengthStyle' fontSize='18.0'/>
  </dimensionLine>
  <dimensionLine id='dimensionLine-3d4b830b-8968-43e7-93fd-fb23eb073145' level='level-3787c2fe-2d83-4bee-9a68-8065e90090ee' xStart='838.1482' yStart='2201.1694' xEnd='838.1482' yEnd='1388.3701' offset='41.904785' visibleIn3D='true'>
    <textStyle attribute='lengthStyle' fontSize='18.0'/>
  </dimensionLine>
  <dimensionLine id='dimensionLine-0500cc84-3fd6-4cbb-a1ed-351e3a6a1b2e' level='level-3787c2fe-2d83-4bee-9a68-8065e90090ee' xStart='661.8362' yStart='1619.0485' xEnd='943.77655' yEnd='1619.0485' offset='-245.07936' visibleIn3D='true'>
    <textStyle attribute='lengthStyle' fontSize='18.0'/>
  </dimensionLine>
  <dimensionLine id='dimensionLine-702b0282-6da6-4dfa-a640-0e2db5adfa35' level='level-3787c2fe-2d83-4bee-9a68-8065e90090ee' xStart='189.25972' yStart='1823.9088' xEnd='648.9992' yEnd='1823.9088' offset='7.6190796' visibleIn3D='true'>
    <textStyle attribute='lengthStyle' fontSize='18.0'/>
  </dimensionLine>
  <dimensionLine id='dimensionLine-e54fc5ac-de94-4227-9057-f0711dd6afbb' level='level-3787c2fe-2d83-4bee-9a68-8065e90090ee' xStart='188.33241' yStart='2538.9512' xEnd='297.55234' yEnd='2538.9512' offset='1.9046631' visibleIn3D='true'>
    <textStyle attribute='lengthStyle' fontSize='18.0'/>
  </dimensionLine>
  <dimensionLine id='dimensionLine-d8eae1be-7650-4b51-8f77-866cc2dfbb63' level='level-3787c2fe-2d83-4bee-9a68-8065e90090ee' xStart='305.1577' yStart='2540.221' xEnd='414.3777' yEnd='2540.221' offset='0.8465576' visibleIn3D='true'>
    <textStyle attribute='lengthStyle' fontSize='18.0'/>
  </dimensionLine>
  <dimensionLine id='dimensionLine-9bc61d4c-288b-44de-b408-62bff86b1df8' level='level-3787c2fe-2d83-4bee-9a68-8065e90090ee' xStart='648.8616' yStart='2537.787' xEnd='740.3016' yEnd='2537.787' offset='0.0' visibleIn3D='true'>
    <textStyle attribute='lengthStyle' fontSize='18.0'/>
  </dimensionLine>
  <dimensionLine id='dimensionLine-cff0dd77-0d89-45e4-953d-87ff73447925' level='level-3787c2fe-2d83-4bee-9a68-8065e90090ee' xStart='606.4501' yStart='2343.35' xEnd='606.4501' yEnd='2124.9102' offset='2.4680176' visibleIn3D='true'>
    <textStyle attribute='lengthStyle' fontSize='18.0'/>
  </dimensionLine>
  <dimensionLine id='dimensionLine-fb2434b2-587f-40ed-b5ba-a2ff4d0cb3da' level='level-3787c2fe-2d83-4bee-9a68-8065e90090ee' xStart='322.07193' yStart='1906.9088' xEnd='322.07193' yEnd='1558.9288' offset='-1.2340698' visibleIn3D='true'>
    <textStyle attribute='lengthStyle' fontSize='18.0'/>
  </dimensionLine>
  <dimensionLine id='dimensionLine-b6337007-1c58-4329-9b1a-21026883b9d5' level='level-3787c2fe-2d83-4bee-9a68-8065e90090ee' xStart='187.0126' yStart='1902.6581' xEnd='319.0926' yEnd='1902.6581' offset='9.872314' visibleIn3D='true'>
    <textStyle attribute='lengthStyle' fontSize='18.0'/>
  </dimensionLine>
  <dimensionLine id='dimensionLine-f2936fa3-aa0f-4883-b936-d5d23c2b845e' level='level-3787c2fe-2d83-4bee-9a68-8065e90090ee' xStart='476.8757' yStart='2080.0862' xEnd='476.8757' yEnd='1914.9862' offset='7.404175' visibleIn3D='true'>
    <textStyle attribute='lengthStyle' fontSize='18.0'/>
  </dimensionLine>
  <dimensionLine id='dimensionLine-77cb3c5d-70fe-4d30-aedb-a345c9d02a7a' level='level-3787c2fe-2d83-4bee-9a68-8065e90090ee' xStart='307.12613' yStart='1399.1685' xEnd='307.12613' yEnd='1549.0284' offset='1.0969238' visibleIn3D='true'>
    <textStyle attribute='lengthStyle' fontSize='18.0'/>
  </dimensionLine>
  <dimensionLine id='dimensionLine-f9540f0f-83e3-44e9-bf4a-c24f58eee8d1' level='level-3787c2fe-2d83-4bee-9a68-8065e90090ee' xStart='187.56107' yStart='1522.0243' xEnd='327.26105' yEnd='1522.0243' offset='-2.1938477' visibleIn3D='true'>
    <textStyle attribute='lengthStyle' fontSize='18.0'/>
  </dimensionLine>
  <dimensionLine id='dimensionLine-90f51120-23db-492f-83ca-90aa0a6064bd' level='level-3787c2fe-2d83-4bee-9a68-8065e90090ee' xStart='475.64163' yStart='3572.0442' xEnd='932.8416' yEnd='3572.0442' offset='128.34058' visibleIn3D='true'>
    <textStyle attribute='lengthStyle' fontSize='18.0'/>
  </dimensionLine>
  <dimensionLine id='dimensionLine-1a83289c-240e-45df-bced-2629624f8a78' level='level-3787c2fe-2d83-4bee-9a68-8065e90090ee' xStart='168.3649' yStart='2982.1716' xEnd='473.1649' yEnd='2982.1716' offset='0.0' visibleIn3D='true'>
    <textStyle attribute='lengthStyle' fontSize='18.0'/>
  </dimensionLine>
  <dimensionLine id='dimensionLine-f9b33288-9143-4358-ab4b-21d5c38073a0' level='level-3787c2fe-2d83-4bee-9a68-8065e90090ee' xStart='167.13083' yStart='1356.9368' xEnd='654.85205' yEnd='1355.8398' offset='0.0' visibleIn3D='true'>
    <textStyle attribute='lengthStyle' fontSize='18.0'/>
  </dimensionLine>
  <dimensionLine id='dimensionLine-90c50932-a7f1-4286-9999-231a1f9da859' level='level-3787c2fe-2d83-4bee-9a68-8065e90090ee' xStart='468.78583' yStart='2152.7573' xEnd='633.8857' yEnd='2152.7573' offset='0.0' visibleIn3D='true'>
    <textStyle attribute='lengthStyle' fontSize='18.0'/>
  </dimensionLine>
  <dimensionLine id='dimensionLine-2f08a0d9-afe3-4e9f-bd4c-e1d780c3d398' level='level-3787c2fe-2d83-4bee-9a68-8065e90090ee' xStart='467.3369' yStart='2804.4695' xEnd='629.8972' yEnd='2804.4695' offset='0.0' visibleIn3D='true'>
    <textStyle attribute='lengthStyle' fontSize='18.0'/>
  </dimensionLine>
  <dimensionLine id='dimensionLine-1d14043a-2f08-4d29-8459-f44e82385b0b' level='level-3787c2fe-2d83-4bee-9a68-8065e90090ee' xStart='276.96072' yStart='2475.8027' xEnd='278.6061' yEnd='2595.0938' offset='0.0' visibleIn3D='true'>
    <textStyle attribute='lengthStyle' fontSize='18.0'/>
  </dimensionLine>
</home>